type,code,name,yobi,naikei,gaikei,atsumi,company,1＝在庫表に載ってないけどある
RWB,RWB00106,黒丸座（ＩＳＯ）ﾄﾞﾌﾞ,6,6.6,12.5,1.6,ドブ,
RWB,RWB00108,黒丸座（ＩＳＯ）ﾄﾞﾌﾞ,8,9,17,1.6,ドブ,
RWB,RWB001010,黒丸座（ＩＳＯ）ﾄﾞﾌﾞ,10,11,21,2,ドブ,
RWB,RWB001012,黒丸座（ＩＳＯ）ﾄﾞﾌﾞ,12,14,24,2.3,ドブ,
RWB,RWB001016,黒丸座（ＩＳＯ）ﾄﾞﾌﾞ,16,18,30,3.2,ドブ,
RWB,RWB001020,黒丸座（ＩＳＯ）ﾄﾞﾌﾞ,20,22,37,3.2,ドブ,
RWB,RWB001022,黒丸座（ＩＳＯ）ﾄﾞﾌﾞ,22,24,39,3.2,ドブ,
RWB,RWB001024,黒丸座（ＩＳＯ）ﾄﾞﾌﾞ,24,26,44,4.5,ドブ,
RWB,RWB001036,黒丸座（ＩＳＯ）ﾄﾞﾌﾞ,36,37,66,5,ドブ,1
RWB,RWB201036,JIS黒丸座ﾄﾞﾌﾞ,36,39,68,6,ドブ,
RWB,RWB201016,JIS黒丸座ﾄﾞﾌﾞ,16,18,32,3.2,ドブ,
RWB,RWB001014,黒丸座（ＩＳＯ）ﾄﾞﾌﾞ,14,15,24,2.5,ドブ,1
RWB,RWB201020,JIS黒丸座ﾄﾞﾌﾞ,20,22,40,3.2,ドブ,
RWB,RWB201012,JIS黒丸座ﾄﾞﾌﾞ,12,13.5,26,2.3,ドブ,
RWB,RWB20101/22.3,JIS黒丸座ﾄﾞﾌﾞ,1/2,14.5,26,2.3,ドブ,
RWB,RWB201014,JIS黒丸座ﾄﾞﾌﾞ,14,15.5,30,3.2,ドブ,
RWB,RWB201022,JIS黒丸座ﾄﾞﾌﾞ,22,24,44,4.5,ドブ,
RWB,RWB201024,JIS黒丸座ﾄﾞﾌﾞ,24,26,48,4.5,ドブ,
RWB,RWB201027,JIS黒丸座ﾄﾞﾌﾞ(和光),27,30,52,4.5,ドブ,1
RWB,RWB001027,黒丸座（ＩＳＯ）ﾄﾞﾌﾞ,27,30,52,4.5,ドブ,
RWB,RWB001030,黒丸座（ＩＳＯ）ﾄﾞﾌﾞ,30,33,56,4.5,ドブ,
RWB,RWB201030,JIS黒丸座ﾄﾞﾌﾞ,30,33,58,4.5,ドブ,
RWB,RWB001033,黒丸座（ＩＳＯ）ﾄﾞﾌﾞ(和光),33,36,60,6,ドブ,1
RWB,RWB201033,JIS黒丸座ﾄﾞﾌﾞ,33,36,62,4.5,ドブ,
RWB,RWB201039,JIS黒丸座ﾄﾞﾌﾞ,39,42,72,6,ドブ,
RWB,RWB201042,JIS黒丸座ﾄﾞﾌﾞ,42,45,78,6,ドブ,
RWB,RWB201010,JIS黒丸座ﾄﾞﾌﾞ,10,11,22,1.6,ドブ,
9RWB,9RWB201010,JIS黒丸座ﾄﾞﾌﾞ,10,11,22,1.6,ドブ,
9RWB,9RWB201012,JIS黒丸座ﾄﾞﾌﾞ,12,13.5,26,2.3,ドブ,
9RWB,9RWB201014,JIS黒丸座ﾄﾞﾌﾞ,14,15,26,2.3,ドブ,1
9RWB,9RWB201016,JIS黒丸座ﾄﾞﾌﾞ,16,18,32,3.2,ドブ,
9RWB,9RWB201020,JIS黒丸座ﾄﾞﾌﾞ,20,22,40,3.2,ドブ,
9RWB,9RWB201022,JIS黒丸座ﾄﾞﾌﾞ,22,24,44,4.5,ドブ,
9RWB,9RWB201024,JIS黒丸座ﾄﾞﾌﾞ,24,26,48,4.5,ドブ,
9RWB,9RWB201030,JIS黒丸座ﾄﾞﾌﾞ,30,33,58,4.5,ドブ,
9RWB,9RWB201036,JIS黒丸座ﾄﾞﾌﾞ,36,39,68,6,ドブ,
9RWB,9RWB201027,JIS黒丸座ﾄﾞﾌﾞ(天晴),27,30,52,4.5,ドブ,1
9RWB,9RWB201027,JIS黒丸座ﾄﾞﾌﾞ(和光),27,30,52,4.5,ドブ,1
9RWB,9RWB00106,黒丸座（ＩＳＯ）ﾄﾞﾌﾞ,6,6.6,12.5,1.6,ドブ,
9RWB,9RWB00108,黒丸座（ＩＳＯ）ﾄﾞﾌﾞ,8,9,17,1.6,ドブ,
9RWB,9RWB001010,黒丸座（ＩＳＯ）ﾄﾞﾌﾞ,10,11,21,2,ドブ,
9RWB,9RWB001012,黒丸座（ＩＳＯ）ﾄﾞﾌﾞ,12,14,24,2.3,ドブ,
9RWB,9RWB001014,黒丸座（ＩＳＯ）ﾄﾞﾌﾞ,14,15,28,2.5,ドブ,1
9RWB,9RWB001016,黒丸座（ＩＳＯ）ﾄﾞﾌﾞ,16,18,30,3.2,ドブ,
9RWB,9RWB001020,黒丸座（ＩＳＯ）ﾄﾞﾌﾞ,20,22,37,3.2,ドブ,
9RWB,9RWB001022,黒丸座（ＩＳＯ）ﾄﾞﾌﾞ,22,24,39,3.2,ドブ,
9RWB,9RWB001024,黒丸座（ＩＳＯ）ﾄﾞﾌﾞ,24,26,44,4.5,ドブ,
9RWB,9RWB001027,黒丸座（ＩＳＯ）ﾄﾞﾌﾞ,27,30,52,4.5,ドブ,
9RWB,9RWB001030,黒丸座（ＩＳＯ）ﾄﾞﾌﾞ,30,33,56,4.5,ドブ,
RWBK,RWBK00203/161.6,黒丸座（小箱入）ﾕﾆｸﾛ,3/16,5.5,16,1.6,ユニクロ,
9RWBK,9RWBK00203/161.6,黒丸座（小箱入）ﾕﾆｸﾛ,3/16,5.5,16,1.6,ユニクロ,
RWBK,RWBK00001/41.6,黒丸座（小箱入）,1/4,7,19,1.6,生地,
RWBK,RWBK00101/41.6,黒丸座（小箱入）ﾄﾞﾌﾞ,1/4,7,19,1.6,ドブ,
RWBK,RWBK00201/41.6,黒丸座（小箱入）ﾕﾆｸﾛ,1/4,7,19,1.6,ユニクロ,
RWBK,RWBK00301/41.6,黒丸座（小箱入）ｸﾛﾒｰﾄ,1/4,7,19,1.6,クロメート,
RWBK,RWBK10301/41.6,黒丸座（小箱入）三価ｸﾛﾒｰﾄ,1/4,7,19,1.6,三価クロメート,
9RWBK,9RWBK00001/41.6,黒丸座（小箱入）,1/4,7,19,1.6,生地,
9RWBK,9RWBK00301/41.6,黒丸座（小箱入）ｸﾛﾒｰﾄ,1/4,7,19,1.6,クロメート,1
9RWBK,9RWBK00201/41.6,黒丸座（小箱入）ﾕﾆｸﾛ,1/4,7,19,1.6,ユニクロ,
9RWBK,9RWBK00101/41.6,黒丸座（小箱入）ﾄﾞﾌﾞ,1/4,7,19,1.6,ドブ,
RWBK,RWBK00005/161.6,黒丸座（小箱入）,5/16,9,22,1.6,生地,
RWBK,RWBK00105/161.6,黒丸座（小箱入）ﾄﾞﾌﾞ,5/16,9,22,1.6,ドブ,
RWBK,RWBK00205/161.6,黒丸座（小箱入）ﾕﾆｸﾛ,5/16,9,22,1.6,ユニクロ,
RWBK,RWBK00305/161.6,黒丸座（小箱入）ｸﾛﾒｰﾄ,5/16,9,22,1.6,クロメート,
RWBK,RWBK10305/161.6,黒丸座（小箱入）三価ｸﾛﾒｰﾄ,5/16,9,22,1.6,三価クロメート,
9RWBK,9RWBK00205/161.6,黒丸座（小箱入）ﾕﾆｸﾛ,5/16,9,22,1.6,ユニクロ,
9RWBK,9RWBK00005/161.6,黒丸座（小箱入）,5/16,9,22,1.6,生地,
9RWBK,9RWBK00305/161.6,黒丸座（小箱入）ｸﾛﾒｰﾄ,5/16,9,22,1.6,クロメート,
9RWBK,9RWBK00105/161.6,黒丸座（小箱入）ﾄﾞﾌﾞ,5/16,9,22,1.6,ドブ,
RWBK,RWBK00003/81.6,黒丸座（小箱入）,3/8,11,25,1.6,生地,
RWBK,RWBK00103/81.6,黒丸座（小箱入）ﾄﾞﾌﾞ,3/8,11,25,1.6,ドブ,
RWBK,RWBK00203/81.6,黒丸座（小箱入）ﾕﾆｸﾛ,3/8,11,25,1.6,ユニクロ,
RWBK,RWBK00303/81.6,黒丸座（小箱入）ｸﾛﾒｰﾄ,3/8,11,25,1.6,クロメート,
RWBK,RWBK10303/81.6,黒丸座（小箱入）三価ｸﾛﾒｰﾄ,3/8,11,25,1.6,三価クロメート,
9RWBK,9RWBK00003/81.6,黒丸座（小箱入）,3/8,11,25,1.6,生地,
9RWBK,9RWBK00203/81.6,黒丸座（小箱入）ﾕﾆｸﾛ,3/8,11,25,1.6,ユニクロ,
9RWBK,9RWBK00103/81.6,黒丸座（小箱入）ﾄﾞﾌﾞ,3/8,11,25,1.6,ドブ,
9RWBK,9RWBK00303/81.6,黒丸座（小箱入）ｸﾛﾒｰﾄ,3/8,11,25,1.6,クロメート,
9RWBK,9RWBK10303/81.6,黒丸座（小箱入）三価ｸﾛﾒｰﾄ,3/8,11,25,1.6,三価クロメート,
RWBK,RWBK00003/82.3,黒丸座（小箱入）,3/8,11,25,2.3,生地,
RWBK,RWBK00103/82.3,黒丸座（小箱入）ﾄﾞﾌﾞ,3/8,11,25,2.3,ドブ,
RWBK,RWBK00203/82.3,黒丸座（小箱入）ﾕﾆｸﾛ,3/8,11,25,2.3,ユニクロ,
RWBK,RWBK00303/82.3,黒丸座（小箱入）ｸﾛﾒｰﾄ,3/8,11,25,2.3,クロメート,
RWBK,RWBK10303/82.3,黒丸座（小箱入）三価ｸﾛﾒｰﾄ,3/8,11,25,2.3,三価クロメート,
9RWBK,9RWBK00203/82.3,黒丸座（小箱入）ﾕﾆｸﾛ,3/8,11,25,2.3,ユニクロ,
9RWBK,9RWBK00003/82.3,黒丸座（小箱入）,3/8,11,25,2.3,生地,
9RWBK,9RWBK00103/82.3,黒丸座（小箱入）ﾄﾞﾌﾞ,3/8,11,25,2.3,ドブ,
RWBK,RWBK00003/83.2,黒丸座（小箱入）,3/8,11,25,3.2,生地,
RWBK,RWBK00103/83.2,黒丸座（小箱入）ﾄﾞﾌﾞ,3/8,11,25,3.2,ドブ,
RWBK,RWBK00203/83.2,黒丸座（小箱入）ﾕﾆｸﾛ,3/8,11,25,3.2,ユニクロ,
RWBK,RWBK00303/83.2,黒丸座（小箱入）ｸﾛﾒｰﾄ,3/8,11,25,3.2,クロメート,
9RWBK,9RWBK00203/83.2,黒丸座（小箱入）ﾕﾆｸﾛ,3/8,11,25,3.2,ユニクロ,
9RWBK,9RWBK00003/83.2,黒丸座（小箱入）,3/8,11,25,3.2,生地,
9RWBK,9RWBK00103/83.2,黒丸座（小箱入）ﾄﾞﾌﾞ,3/8,11,25,3.2,ドブ,
RWBK,RWBK00001/22.3,黒丸座（小箱入）,1/2,14.5,32,2.3,生地,
RWBK,RWBK00101/22.3,黒丸座（小箱入）ﾄﾞﾌﾞ,1/2,14.5,32,2.3,ドブ,
RWBK,RWBK00201/22.3,黒丸座（小箱入）ﾕﾆｸﾛ,1/2,14.5,32,2.3,ユニクロ,
RWBK,RWBK00301/22.3,黒丸座（小箱入）ｸﾛﾒｰﾄ,1/2,14.5,32,2.3,クロメート,
RWBK,RWBK10301/22.3,黒丸座（小箱入）三価ｸﾛﾒｰﾄ,1/2,14.5,32,2.3,三価クロメート,
9RWBK,9RWBK00001/22.3,黒丸座（小箱入）,1/2,14.5,32,2.3,生地,
9RWBK,9RWBK00201/22.3,黒丸座（小箱入）ﾕﾆｸﾛ,1/2,14.5,32,2.3,ユニクロ,
9RWBK,9RWBK00101/22.3,黒丸座（小箱入）ﾄﾞﾌﾞ,1/2,14.5,32,2.3,ドブ,
9RWBK,9RWBK00301/22.3,黒丸座（小箱入）ｸﾛﾒｰﾄ,1/2,14.5,32,2.3,クロメート,
RWBK,RWBK00001/23.2,黒丸座（小箱入）,1/2,14.5,32,3.2,生地,
RWBK,RWBK00101/23.2,黒丸座（小箱入）ﾄﾞﾌﾞ,1/2,14.5,32,3.2,ドブ,
RWBK,RWBK00201/23.2,黒丸座（小箱入）ﾕﾆｸﾛ,1/2,14.5,32,3.2,ユニクロ,
RWBK,RWBK00301/23.2,黒丸座（小箱入）ｸﾛﾒｰﾄ,1/2,14.5,32,3.2,クロメート,
RWBK,RWBK10301/23.2,黒丸座（小箱入）三価ｸﾛﾒｰﾄ,1/2,14.5,32,3.2,三価クロメート,
9RWBK,9RWBK00201/23.2,黒丸座（小箱入）ﾕﾆｸﾛ,1/2,14.5,32,3.2,ユニクロ,
9RWBK,9RWBK00001/23.2,黒丸座（小箱入）,1/2,14.5,32,3.2,生地,
9RWBK,9RWBK00101/23.2,黒丸座（小箱入）ﾄﾞﾌﾞ,1/2,14.5,32,3.2,ドブ,
RWBK,RWBK00005/82.3,黒丸座（小箱入）,5/8,18,38,2.3,生地,
RWBK,RWBK00105/82.3,黒丸座（小箱入）ﾄﾞﾌﾞ,5/8,18,38,2.3,ドブ,
RWBK,RWBK00205/82.3,黒丸座（小箱入）ﾕﾆｸﾛ,5/8,18,38,2.3,ユニクロ,
RWBK,RWBK00305/82.3,黒丸座（小箱入）ｸﾛﾒｰﾄ,5/8,18,38,2.3,クロメート,
RWBK,RWBK10305/82.3,黒丸座（小箱入）三価ｸﾛﾒｰﾄ,5/8,18,38,2.3,三価クロメート,
9RWBK,9RWBK00005/82.3,黒丸座（小箱入）,5/8,18,38,2.3,生地,
9RWBK,9RWBK00205/82.3,黒丸座（小箱入）ﾕﾆｸﾛ,5/8,18,38,2.3,ユニクロ,
9RWBK,9RWBK00105/82.3,黒丸座（小箱入）ﾄﾞﾌﾞ,5/8,18,38,2.3,ドブ,
9RWBK,9RWBK00305/82.3,黒丸座（小箱入）ｸﾛﾒｰﾄ,5/8,18,38,2.3,クロメート,
RWBK,RWBK00005/83.2,黒丸座（小箱入）,5/8,18,38,3.2,生地,
RWBK,RWBK00105/83.2,黒丸座（小箱入）ﾄﾞﾌﾞ,5/8,18,38,3.2,ドブ,
RWBK,RWBK00205/83.2,黒丸座（小箱入）ﾕﾆｸﾛ,5/8,18,38,3.2,ユニクロ,
RWBK,RWBK00305/83.2,黒丸座（小箱入）ｸﾛﾒｰﾄ,5/8,18,38,3.2,クロメート,
RWBK,RWBK10305/83.2,黒丸座（小箱入）三価ｸﾛﾒｰﾄ,5/8,18,38,3.2,三価クロメート,
9RWBK,9RWBK00205/83.2,黒丸座（小箱入）ﾕﾆｸﾛ,5/8,18,38,3.2,ユニクロ,
9RWBK,9RWBK00005/83.2,黒丸座（小箱入）,5/8,18,38,3.2,生地,
9RWBK,9RWBK00105/83.2,黒丸座（小箱入）ﾄﾞﾌﾞ,5/8,18,38,3.2,ドブ,
9RWBK,9RWBK00305/83.2,黒丸座（小箱入）ｸﾛﾒｰﾄ,5/8,18,38,3.2,クロメート,
RWBK,RWBK00003/43.2,黒丸座（小箱入）,3/4,22,45,3.2,生地,
RWBK,RWBK00103/43.2,黒丸座（小箱入）ﾄﾞﾌﾞ,3/4,22,45,3.2,ドブ,
RWBK,RWBK00203/43.2,黒丸座（小箱入）ﾕﾆｸﾛ,3/4,22,45,3.2,ユニクロ,
RWBK,RWBK00303/43.2,黒丸座（小箱入）ｸﾛﾒｰﾄ,3/4,22,45,3.2,クロメート,
RWBK,RWBK10303/43.2,黒丸座（小箱入）三価ｸﾛﾒｰﾄ,3/4,22,45,3.2,三価クロメート,
9RWBK,9RWBK00003/43.2,黒丸座（小箱入）,3/4,22,45,3.2,生地,
9RWBK,9RWBK00203/43.2,黒丸座（小箱入）ﾕﾆｸﾛ,3/4,22,45,3.2,ユニクロ,
9RWBK,9RWBK00103/43.2,黒丸座（小箱入）ﾄﾞﾌﾞ,3/4,22,45,3.2,ドブ,
RWBK,RWBK00007/83.2,黒丸座（小箱入）,7/8,24,50,3.2,生地,
RWBK,RWBK00107/83.2,黒丸座（小箱入）ﾄﾞﾌﾞ,7/8,24,50,3.2,ドブ,
RWBK,RWBK00207/83.2,黒丸座（小箱入）ﾕﾆｸﾛ,7/8,24,50,3.2,ユニクロ,
RWBK,RWBK00307/83.2,黒丸座（小箱入）ｸﾛﾒｰﾄ,7/8,24,50,3.2,クロメート,
9RWBK,9RWBK00007/83.2,黒丸座（小箱入）,7/8,24,50,3.2,生地,
9RWBK,9RWBK00207/83.2,黒丸座（小箱入）ﾕﾆｸﾛ,7/8,24,50,3.2,ユニクロ,
9RWBK,9RWBK00107/83.2,黒丸座（小箱入）ﾄﾞﾌﾞ,7/8,24,50,3.2,ドブ,
RWBK,"RWBK00001""3.2",黒丸座（小箱入）,"1""",28,57,3.2,生地,
RWBK,"RWBK00101""3.2",黒丸座（小箱入）ﾄﾞﾌﾞ,"1""",28,57,3.2,ドブ,
RWBK,"RWBK00201""3.2",黒丸座（小箱入）ﾕﾆｸﾛ,"1""",28,57,3.2,ユニクロ,
9RWBK,"9RWBK00201""3.2",黒丸座（小箱入）ﾕﾆｸﾛ,"1""",28,57,3.2,ユニクロ,
9RWBK,"9RWBK00001""3.2",黒丸座（小箱入）,"1""",28,57,3.2,生地,
9RWBK,"9RWBK00101""3.2",黒丸座（小箱入）ﾄﾞﾌﾞ,"1""",28,57,3.2,ドブ,
RWBK,RWBK000011/83.2,黒丸座（小箱入）,11/8,33,65,3.2,生地,
RWBK,RWBK001011/83.2,黒丸座（小箱入）ﾄﾞﾌﾞ,11/8,33,65,3.2,ドブ,
RWBK,RWBK002011/83.2,黒丸座（小箱入）ﾕﾆｸﾛ,11/8,33,65,3.2,ユニクロ,
9RWBK,9RWBK002011/83.2,黒丸座（小箱入）ﾕﾆｸﾛ,11/8,33,65,3.2,ユニクロ,
9RWBK,9RWBK000011/83.2,黒丸座（小箱入）,11/8,33,65,3.2,生地,
RWBK,RWBK000011/43.2,黒丸座（小箱入）,11/4,36,70,3.2,生地,
RWBK,RWBK001011/43.2,黒丸座（小箱入）ﾄﾞﾌﾞ,11/4,36,70,3.2,ドブ,
RWBK,RWBK002011/43.2,黒丸座（小箱入）ﾕﾆｸﾛ,11/4,36,70,3.2,ユニクロ,
9RWBK,9RWBK002011/43.2,黒丸座（小箱入）ﾕﾆｸﾛ,11/4,36,70,3.2,ユニクロ,
9RWBK,9RWBK000011/43.2,黒丸座（小箱入）,11/4,36,70,3.2,生地,
9RWM,9RWM2000380.5,JIS磨丸座,3,3.3,8,0.5,生地,
9RWM,9RWM20204100.8,JIS磨丸座ﾕﾆｸﾛ,4,4.5,10,0.8,ユニクロ,
RWM,RWM20204100.8,JIS磨丸座ﾕﾆｸﾛ,4,4.5,10,0.8,ユニクロ,
RWM,RWM20004100.8,JIS磨丸座,4,4.5,10,0.8,生地,
RWM,RWM20304100.8,JIS磨丸座ｸﾛﾒｰﾄ,4,4.5,10,0.8,クロメート,
RWM,RWM20205120.8,JIS磨丸座ﾕﾆｸﾛ,5,5.5,12,0.8,ユニクロ,
RWM,RWM20005120.8,JIS磨丸座,5,5.5,12,0.8,生地,
9RWM,9RWM20005120.8,JIS磨丸座,5,5.5,12,0.8,生地,
RWM,RWM20305120.8,JIS磨丸座ｸﾛﾒｰﾄ,5,5.5,12,0.8,クロメート,
9RWM,9RWM20205120.8,JIS磨丸座ﾕﾆｸﾛ,5,5.5,12,0.8,ユニクロ,
RWM,RWM10305120.8,JIS磨丸座三価ｸﾛﾒｰﾄ,5,5.5,12,0.8,三価クロメート,
RWM,RWM00305161.0,磨丸座ｸﾛﾒｰﾄ,5,5.5,16,1,クロメート,
RWM,RWM00205161.0,磨丸座ﾕﾆｸﾛ,5,5.5,16,1,ユニクロ,
RWM,RWM00205201.0,磨丸座ﾕﾆｸﾛ,5,5.5,20,1,ユニクロ,
RWM,RWM00305201.0,磨丸座ｸﾛﾒｰﾄ,5,5.5,20,1,クロメート,
RWM,RWM10306131.0,JIS磨丸座三価ｸﾛﾒｰﾄ,6,6.5,13,1,三価クロメート,
RWM,RWM20006131.0,JIS磨丸座,6,6.5,13,1,生地,
RWM,RWM20206131.0,JIS磨丸座ﾕﾆｸﾛ,6,6.5,13,1,ユニクロ,
RWM,RWM00106131.0,磨丸座ﾄﾞﾌﾞ,6,6.5,13,1,ドブ,
9RWM,9RWM20006131.0,JIS磨丸座,6,6.5,13,1,生地,
9RWM,9RWM20206131.0,JIS磨丸座ﾕﾆｸﾛ,6,6.5,13,1,ユニクロ,
9RWM,9RWM10306131.0,JIS磨丸座三価ｸﾛﾒｰﾄ,6,6.5,13,1,三価クロメート,
RWM,RWM00006161.6,磨丸座,6,6.5,16,1.6,生地,
RWM,RWM00206161.6,磨丸座ﾕﾆｸﾛ,6,6.5,16,1.6,ユニクロ,
RWM,RWM00306161.6,磨丸座ｸﾛﾒｰﾄ,6,6.5,16,1.6,クロメート,
RWM,RWM10306161.6,磨丸座三価ｸﾛﾒｰﾄ,6,6.5,16,1.6,三価クロメート,
RWM,RWM20006161.6,JIS磨丸座,6,6.5,16,1.6,生地,
RWM,RWM00006201.0,磨丸座,6,6.5,20,1,生地,
RWM,RWM00206201.0,磨丸座ﾕﾆｸﾛ,6,6.5,20,1,ユニクロ,
RWM,RWM00306201.0,磨丸座ｸﾛﾒｰﾄ,6,6.5,20,1,クロメート,
RWM,RWM10306201.0,磨丸座三価ｸﾛﾒｰﾄ,6,6.5,20,1,三価クロメート,
RWM,RWM20206201.0,JIS磨丸座ﾕﾆｸﾛ,6,6.5,20,1,ユニクロ,
RWM,RWM00206221.6,磨丸座ﾕﾆｸﾛ,6,6.5,22,1.6,ユニクロ,
RWM,RWM00306221.6,磨丸座ｸﾛﾒｰﾄ,6,6.5,22,1.6,クロメート,
RWM,RWM10306221.6,磨丸座三価ｸﾛﾒｰﾄ,6,6.5,22,1.6,三価クロメート,
RWM,RWM20206221.6,JIS磨丸座ﾕﾆｸﾛ,6,6.5,22,1.6,ユニクロ,
RWM,RWM00206251.2,磨丸座ﾕﾆｸﾛ,6,6.5,25,1.2,ユニクロ,
RWM,RWM00306251.2,磨丸座ｸﾛﾒｰﾄ,6,6.5,25,1.2,クロメート,
RWM,RWM10306251.2,磨丸座三価ｸﾛﾒｰﾄ,6,6.5,25,1.2,三価クロメート,
RWM,RWM00206251.6,磨丸座ﾕﾆｸﾛ,6,6.5,25,1.6,ユニクロ,
RWM,RWM00306251.6,磨丸座ｸﾛﾒｰﾄ,6,6.5,25,1.6,クロメート,
RWM,RWM00206252.3,磨丸座ﾕﾆｸﾛ,6,6.5,25,2.3,ユニクロ,
RWM,RWM00306252.3,磨丸座ｸﾛﾒｰﾄ,6,6.5,25,2.3,クロメート,
RWM,RWM00206301.6,磨丸座ﾕﾆｸﾛ,6,6.5,30,1.6,ユニクロ,
RWM,RWM00306301.6,磨丸座ｸﾛﾒｰﾄ,6,6.5,30,1.6,クロメート,
RWM,RWM00008181.6,磨丸座,8,8.5,18,1.6,生地,
RWM,RWM10308181.6,JIS磨丸座三価ｸﾛﾒｰﾄ,8,8.5,18,1.6,三価クロメート,
RWM,RWM20008181.6,JIS磨丸座,8,8.5,18,1.6,生地,
RWM,RWM20208181.6,JIS磨丸座ﾕﾆｸﾛ,8,8.5,18,1.6,ユニクロ,
RWM,RWM20308181.6,JIS磨丸座ｸﾛﾒｰﾄ,8,8.5,18,1.6,クロメート,
RWM,RWM00208181.6,磨丸座ﾕﾆｸﾛ,8,8.5,18,1.6,ユニクロ,
RWM,RWM20108181.6,JIS磨丸座ﾄﾞﾌﾞ,8,8.5,18,1.6,ドブ,
9RWM,9RWM20008181.6,JIS磨丸座,8,8.5,18,1.6,生地,
9RWM,9RWM20208181.6,JIS磨丸座ﾕﾆｸﾛ,8,8.5,18,1.6,ユニクロ,
9RWM,9RWM20308181.6,JIS磨丸座ｸﾛﾒｰﾄ,8,8.5,18,1.6,クロメート,
9RWM,9RWM10308181.6,JIS磨丸座三価ｸﾛﾒｰﾄ,8,8.5,18,1.6,三価クロメート,
RWM,RWM00208251.6,磨丸座ﾕﾆｸﾛ,8,8.5,25,1.6,ユニクロ,
RWM,RWM10308251.6,磨丸座三価ｸﾛﾒｰﾄ,8,8.5,25,1.6,三価クロメート,
RWM,RWM00008251.6,磨丸座,8,8.5,25,1.6,生地,
RWM,RWM000010221.6,磨丸座,10,10.5,22,1.6,生地,
RWM,RWM001010221.6,磨丸座ﾄﾞﾌﾞ,10,10.5,22,1.6,ドブ,
RWM,RWM003010221.6,磨丸座ｸﾛﾒｰﾄ,10,10.5,22,1.6,クロメート,
RWM,RWM009010221.6,磨丸座,10,10.5,22,1.6,生地,
RWM,RWM103010221.6,JIS磨丸座三価ｸﾛﾒｰﾄ,10,10.5,22,1.6,三価クロメート,
RWM,RWM200010221.6,JIS磨丸座,10,10.5,22,1.6,生地,
RWM,RWM201010221.6,JIS磨丸座ﾄﾞﾌﾞ,10,10.5,22,1.6,ドブ,
RWM,RWM202010221.6,JIS磨丸座ﾕﾆｸﾛ,10,10.5,22,1.6,ユニクロ,
RWM,RWM203010221.6,JIS磨丸座ｸﾛﾒｰﾄ,10,10.5,22,1.6,クロメート,
9RWM,9RWM200010221.6,JIS磨丸座,10,10.5,22,1.6,生地,
9RWM,9RWM202010221.6,JIS磨丸座ﾕﾆｸﾛ,10,10.5,22,1.6,ユニクロ,
9RWM,9RWM203010221.6,JIS磨丸座ｸﾛﾒｰﾄ,10,10.5,22,1.6,クロメート,
9RWM,9RWM103010221.6,JIS磨丸座三価ｸﾛﾒｰﾄ,10,10.5,22,1.6,三価クロメート,
RWM,RWM000010301.6,磨丸座,10,10.5,30,1.6,生地,
RWM,RWM001010301.6,磨丸座ﾄﾞﾌﾞ,10,10.5,30,1.6,ドブ,
RWM,RWM002010301.6,磨丸座ﾕﾆｸﾛ,10,10.5,30,1.6,ユニクロ,
RWM,RWM003010301.6,磨丸座ｸﾛﾒｰﾄ,10,10.5,30,1.6,クロメート,
RWM,RWM103010301.6,磨丸座三価ｸﾛﾒｰﾄ,10,10.5,30,1.6,三価クロメート,
RWM,RWM202010301.6,JIS磨丸座ﾕﾆｸﾛ,10,10.5,30,1.6,ユニクロ,
RWM,RWM000011403.2,磨丸座,11,11,40,3.2,生地,
RWM,RWM002011403.2,磨丸座ﾕﾆｸﾛ,11,11,40,3.2,ユニクロ,
RWM,RWM003011403.2,磨丸座ｸﾛﾒｰﾄ,11,11,40,3.2,クロメート,
RWM,RWM103011403.2,磨丸座三価ｸﾛﾒｰﾄ,11,11,40,3.2,三価クロメート,
RWM,RWM000011503.2,磨丸座,11,11,50,3.2,生地,
RWM,RWM001011503.2,磨丸座ﾄﾞﾌﾞ,11,11,50,3.2,ドブ,
RWM,RWM002011503.2,磨丸座ﾕﾆｸﾛ,11,11,50,3.2,ユニクロ,
RWM,RWM103012262.3,JIS磨丸座三価ｸﾛﾒｰﾄ,12,12.5,26,2.3,三価クロメート,
RWM,RWM200012262.3,JIS磨丸座,12,12.5,26,2.3,生地,
RWM,RWM201012262.3,JIS磨丸座ﾄﾞﾌﾞ,12,12.5,26,2.3,ドブ,
RWM,RWM202012262.3,JIS磨丸座ﾕﾆｸﾛ,12,12.5,26,2.3,ユニクロ,
RWM,RWM203012262.3,JIS磨丸座ｸﾛﾒｰﾄ,12,12.5,26,2.3,クロメート,
9RWM,9RWM200012262.3,JIS磨丸座,12,12.5,26,2.3,生地,
9RWM,9RWM202012262.3,JIS磨丸座ﾕﾆｸﾛ,12,12.5,26,2.3,ユニクロ,
9RWM,9RWM203012262.3,JIS磨丸座ｸﾛﾒｰﾄ,12,12.5,26,2.3,クロメート,
9RWM,9RWM103012262.3,JIS磨丸座三価ｸﾛﾒｰﾄ,12,12.5,26,2.3,三価クロメート,
RWM,RWM103013262.3,JIS磨丸座三価ｸﾛﾒｰﾄ,13,13.5,26,2.3,三価クロメート,
RWM,RWM200013262.3,JIS磨丸座,13,13.5,26,2.3,生地,
RWM,RWM202013262.3,JIS磨丸座ﾕﾆｸﾛ,13,13.5,26,2.3,ユニクロ,
RWM,RWM203013262.3,JIS磨丸座ｸﾛﾒｰﾄ,13,13.5,26,2.3,クロメート,
9RWM,9RWM200013262.3,JIS磨丸座,13,13.5,26,2.3,生地,
9RWM,9RWM202013262.3,JIS磨丸座ﾕﾆｸﾛ,13,13.5,26,2.3,ユニクロ,
9RWM,9RWM203013262.3,JIS磨丸座ｸﾛﾒｰﾄ,13,13.5,26,2.3,クロメート,
RWM,RWM103014302.6,JIS磨丸座三価ｸﾛﾒｰﾄ,14,15,30,2.6,三価クロメート,
RWM,RWM200014302.6,JIS磨丸座,14,15,30,2.6,生地,
RWM,RWM201014302.6,JIS磨丸座ﾄﾞﾌﾞ,14,15,30,2.6,ドブ,
RWM,RWM202014302.6,JIS磨丸座ﾕﾆｸﾛ,14,15,30,2.6,ユニクロ,
RWM,RWM203014302.6,JIS磨丸座ｸﾛﾒｰﾄ,14,15,30,2.6,クロメート,
9RWM,9RWM200014302.6,JIS磨丸座,14,15,30,2.6,生地,
9RWM,9RWM202014302.6,JIS磨丸座ﾕﾆｸﾛ,14,15,30,2.6,ユニクロ,
9RWM,9RWM203014302.6,JIS磨丸座ｸﾛﾒｰﾄ,14,15,30,2.6,クロメート,
RWM,RWM002014302.6,磨丸座ﾕﾆｸﾛ,14,15,30,2.6,ユニクロ,
RWM,RWM000014302.6,磨丸座,14,15,30,2.6,生地,
9RWM,9RWM103014302.6,JIS磨丸座三価ｸﾛﾒｰﾄ,14,15,30,2.6,三価クロメート,
RWM,RWM103016322.6,JIS磨丸座三価ｸﾛﾒｰﾄ,16,17,32,2.6,三価クロメート,
RWM,RWM200016322.6,JIS磨丸座,16,17,32,2.6,生地,
RWM,RWM201016322.6,JIS磨丸座ﾄﾞﾌﾞ,16,17,32,2.6,ドブ,
RWM,RWM202016322.6,JIS磨丸座ﾕﾆｸﾛ,16,17,32,2.6,ユニクロ,
RWM,RWM203016322.6,JIS磨丸座ｸﾛﾒｰﾄ,16,17,32,2.6,クロメート,
9RWM,9RWM200016322.6,JIS磨丸座,16,17,32,2.6,生地,
9RWM,9RWM202016322.6,JIS磨丸座ﾕﾆｸﾛ,16,17,32,2.6,ユニクロ,
9RWM,9RWM203016322.6,JIS磨丸座ｸﾛﾒｰﾄ,16,17,32,2.6,クロメート,
9RWM,9RWM103016322.6,JIS磨丸座三価ｸﾛﾒｰﾄ,16,17,32,2.6,三価クロメート,
RWM,RWM000017403.2,磨丸座,17,17,40,3.2,生地,
RWM,RWM001017403.2,磨丸座ﾄﾞﾌﾞ,17,17,40,3.2,ドブ,
RWM,RWM002017403.2,磨丸座ﾕﾆｸﾛ,17,17,40,3.2,ユニクロ,
RWM,RWM003017403.2,磨丸座ｸﾛﾒｰﾄ,17,17,40,3.2,クロメート,
RWM,RWM103017403.2,磨丸座三価ｸﾛﾒｰﾄ,17,17,40,3.2,三価クロメート,
RWM,RWM000017503.2,磨丸座,17,17,50,3.2,生地,
RWM,RWM002017503.2,磨丸座ﾕﾆｸﾛ,17,17,50,3.2,ユニクロ,
RWM,RWM003017503.2,磨丸座ｸﾛﾒｰﾄ,17,17,50,3.2,クロメート,
RWM,RWM202017503.2,JIS磨丸座ﾕﾆｸﾛ,17,17,50,3.2,ユニクロ,
RWM,RWM203017503.2,JIS磨丸座ｸﾛﾒｰﾄ,17,17,50,3.2,クロメート,
RWM,RWM001017503.2,磨丸座ﾄﾞﾌﾞ,17,17,50,3.2,ドブ,
RWM,RWM103018362.6,JIS磨丸座三価ｸﾛﾒｰﾄ,18,19,36,2.6,三価クロメート,
RWM,RWM200018362.6,JIS磨丸座,18,19,36,2.6,生地,
RWM,RWM202018362.6,JIS磨丸座ﾕﾆｸﾛ,18,19,36,2.6,ユニクロ,
RWM,RWM203018362.6,JIS磨丸座ｸﾛﾒｰﾄ,18,19,36,2.6,クロメート,
9RWM,9RWM200018362.6,JIS磨丸座,18,19,36,2.6,生地,
9RWM,9RWM202018362.6,JIS磨丸座ﾕﾆｸﾛ,18,19,36,2.6,ユニクロ,
9RWM,9RWM203018362.6,JIS磨丸座ｸﾛﾒｰﾄ,18,19,36,2.6,クロメート,
RWM,RWM201018362.6,JIS磨丸座ﾄﾞﾌﾞ,18,19,36,2.6,ドブ,
RWM,RWM000020403.2,磨丸座,20,21,40,3.2,生地,
RWM,RWM003020403.2,磨丸座ｸﾛﾒｰﾄ,20,21,40,3.2,クロメート,
RWM,RWM103020403.2,JIS磨丸座三価ｸﾛﾒｰﾄ,20,21,40,3.2,三価クロメート,
RWM,RWM200020403.2,JIS磨丸座,20,21,40,3.2,生地,
RWM,RWM201020403.2,JIS磨丸座ﾄﾞﾌﾞ,20,21,40,3.2,ドブ,
RWM,RWM202020403.2,JIS磨丸座ﾕﾆｸﾛ,20,21,40,3.2,ユニクロ,
RWM,RWM203020403.2,JIS磨丸座ｸﾛﾒｰﾄ,20,21,40,3.2,クロメート,
RWM,RWM002020403.2,磨丸座ﾕﾆｸﾛ,20,21,40,3.2,ユニクロ,
9RWM,9RWM200020403.2,JIS磨丸座,20,21,40,3.2,生地,
9RWM,9RWM202020403.2,JIS磨丸座ﾕﾆｸﾛ,20,21,40,3.2,ユニクロ,
9RWM,9RWM203020403.2,JIS磨丸座ｸﾛﾒｰﾄ,20,21,40,3.2,クロメート,
9RWM,9RWM103020403.2,JIS磨丸座三価ｸﾛﾒｰﾄ,20,21,40,3.2,三価クロメート,
RWM,RWM200022,JIS磨丸座,22,23.5,44,3.2,生地,
RWM,RWM201022,JIS磨丸座ﾄﾞﾌﾞ,22,23.5,44,3.2,ドブ,
RWM,RWM202022,JIS磨丸座ﾕﾆｸﾛ,22,23.5,44,3.2,ユニクロ,
RWM,RWM203022,JIS磨丸座ｸﾛﾒｰﾄ,22,23.5,44,3.2,クロメート,
9RWM,9RWM200022,JIS磨丸座,22,23.5,44,3.2,生地,
9RWM,9RWM202022,JIS磨丸座ﾕﾆｸﾛ,22,23.5,44,3.2,ユニクロ,
9RWM,9RWM203022,JIS磨丸座ｸﾛﾒｰﾄ,22,23.5,44,3.2,クロメート,
9RWM,9RWM103022,JIS磨丸座三価ｸﾛﾒｰﾄ,22,23.5,44,3.2,三価クロメート,
9RWM,9RWM201022,JIS磨丸座ﾄﾞﾌﾞ,22,23.5,44,3.2,ドブ,
RWM,RWM000024,磨丸座,24,25.5,48,4,生地,
RWM,RWM002024,磨丸座ﾕﾆｸﾛ,24,25.5,48,4,ユニクロ,
RWM,RWM003024,磨丸座ｸﾛﾒｰﾄ,24,25.5,48,4,クロメート,
RWM,RWM200024,JIS磨丸座,24,25.5,48,4,生地,
RWM,RWM201024,JIS磨丸座ﾄﾞﾌﾞ,24,25.5,48,4,ドブ,
RWM,RWM202024,JIS磨丸座ﾕﾆｸﾛ,24,25.5,48,4,ユニクロ,
RWM,RWM203024,JIS磨丸座ｸﾛﾒｰﾄ,24,25.5,48,4,クロメート,
9RWM,9RWM200024,JIS磨丸座,24,25.5,48,4,生地,
9RWM,9RWM202024,JIS磨丸座ﾕﾆｸﾛ,24,25.5,48,4,ユニクロ,
9RWM,9RWM203024,JIS磨丸座ｸﾛﾒｰﾄ,24,25.5,48,4,クロメート,
9RWM,9RWM201024,JIS磨丸座ﾄﾞﾌﾞ,24,25.5,48,4,ドブ,
RWM,RWM000027,磨丸座,27,28.5,52,4,生地,
RWM,RWM002027,磨丸座ﾕﾆｸﾛ,27,28.5,52,4,ユニクロ,
RWM,RWM003027,磨丸座ｸﾛﾒｰﾄ,27,28.5,52,4,クロメート,
RWM,RWM103027,JIS磨丸座三価ｸﾛﾒｰﾄ,27,28.5,52,4,三価クロメート,
RWM,RWM200027,JIS磨丸座,27,28.5,52,4,生地,
RWM,RWM202027,JIS磨丸座ﾕﾆｸﾛ,27,28.5,52,4,ユニクロ,
RWM,RWM203027,JIS磨丸座ｸﾛﾒｰﾄ,27,28.5,52,4,クロメート,
9RWM,9RWM200027,JIS磨丸座,27,28.5,52,4,生地,
9RWM,9RWM202027,JIS磨丸座ﾕﾆｸﾛ,27,28.5,52,4,ユニクロ,
RWM,RWM003030,磨丸座ｸﾛﾒｰﾄ,30,31.5,58,4.5,クロメート,
RWM,RWM103030,JIS磨丸座三価ｸﾛﾒｰﾄ,30,31.5,58,4.5,三価クロメート,
RWM,RWM200030,JIS磨丸座,30,31.5,58,4.5,生地,
RWM,RWM201030,JIS磨丸座ﾄﾞﾌﾞ,30,31.5,58,4.5,ドブ,
RWM,RWM202030,JIS磨丸座ﾕﾆｸﾛ,30,31.5,58,4.5,ユニクロ,
9RWM,9RWM200030,JIS磨丸座,30,31.5,58,4.5,生地,
9RWM,9RWM202030,JIS磨丸座ﾕﾆｸﾛ,30,31.5,58,4.5,ユニクロ,
9RWM,9RWM201030,JIS磨丸座ﾄﾞﾌﾞ,30,31.5,58,4.5,ドブ,
RWM,RWM200033,JIS磨丸座,33,34.5,62,4.5,生地,
RWM,RWM202033,JIS磨丸座ﾕﾆｸﾛ,33,34.5,62,4.5,ユニクロ,
RWM,RWM203033,JIS磨丸座ｸﾛﾒｰﾄ,33,34.5,62,4.5,クロメート,
9RWM,9RWM200033,JIS磨丸座,33,34.5,62,4.5,生地,
9RWM,9RWM202033,JIS磨丸座ﾕﾆｸﾛ,33,34.5,62,4.5,ユニクロ,
RWM,RWM200036,JIS磨丸座,36,38,68,5,生地,
RWM,RWM202036,JIS磨丸座ﾕﾆｸﾛ,36,38,68,5,ユニクロ,
RWM,RWM203036,JIS磨丸座ｸﾛﾒｰﾄ,36,38,68,5,クロメート,
RWM,RWM209036,JIS磨丸座,36,38,68,5,生地,
RWM,RWM201036,JIS磨丸座ﾄﾞﾌﾞ,36,38,68,5,ドブ,
9RWM,9RWM200036,JIS磨丸座,36,38,68,5,生地,
9RWM,9RWM202036,JIS磨丸座ﾕﾆｸﾛ,36,38,68,5,ユニクロ,
RWM,RWM200039,JIS磨丸座,39,41,72,5,生地,
RWM,RWM202039,JIS磨丸座ﾕﾆｸﾛ,39,41,72,5,ユニクロ,
RWM,RWM203039,JIS磨丸座ｸﾛﾒｰﾄ,39,41,72,5,クロメート,
9RWM,9RWM200039,JIS磨丸座,39,41,72,5,生地,
9RWM,9RWM202039,JIS磨丸座ﾕﾆｸﾛ,39,41,72,5,ユニクロ,
RWM,RWM200042,JIS磨丸座,42,44,78,6,生地,
RWM,RWM202042,JIS磨丸座ﾕﾆｸﾛ,42,44,78,6,ユニクロ,
RWM,RWM203042,JIS磨丸座ｸﾛﾒｰﾄ,42,44,78,6,クロメート,
RWM,RWM209042,JIS磨丸座,42,44,78,6,生地,
RWM,RWM201042,JIS磨丸座ﾄﾞﾌﾞ,42,44,78,6,ドブ,
9RWM,9RWM200042,JIS磨丸座,42,44,78,6,生地,
9RWM,9RWM202042,JIS磨丸座ﾕﾆｸﾛ,42,44,78,6,ユニクロ,
RWM,RWM200045,JIS磨丸座,45,47,82,6,生地,
RWM,RWM202045,JIS磨丸座ﾕﾆｸﾛ,45,47,82,6,ユニクロ,
RWM,RWM203045,JIS磨丸座ｸﾛﾒｰﾄ,45,47,82,6,クロメート,
9RWM,9RWM200045,JIS磨丸座,45,47,82,6,生地,
9RWM,9RWM202045,JIS磨丸座ﾕﾆｸﾛ,45,47,82,6,ユニクロ,
RWM,RWM200048,JIS磨丸座,48,50,88,6,生地,
RWM,RWM202048,JIS磨丸座ﾕﾆｸﾛ,48,50,88,6,ユニクロ,
RWM,RWM203048,JIS磨丸座ｸﾛﾒｰﾄ,48,50,88,6,クロメート,
9RWM,9RWM200048,JIS磨丸座,48,50,88,6,生地,
9RWM,9RWM202048,JIS磨丸座ﾕﾆｸﾛ,48,50,88,6,ユニクロ,
RWM,RWM200052,JIS磨丸座,52,54,95,6,生地,
RWM,RWM201052,JIS磨丸座ﾄﾞﾌﾞ,52,54,95,6,ドブ,
RWM,RWM202052,JIS磨丸座ﾕﾆｸﾛ,52,54,95,6,ユニクロ,
9RWM,9RWM200052,JIS磨丸座,52,54,95,6,生地,
9RWM,9RWM202052,JIS磨丸座ﾕﾆｸﾛ,52,54,95,6,ユニクロ,
RWM,RWM203052,JIS磨丸座ｸﾛﾒｰﾄ,52,54,95,6,クロメート,
RWM,RWM200056,JIS磨丸座,56,58,103,8,生地,
RWM,RWM202056,JIS磨丸座ﾕﾆｸﾛ,56,58,103,8,ユニクロ,
9RWM,9RWM200056,JIS磨丸座,56,58,103,8,生地,
9RWM,9RWM202056,JIS磨丸座ﾕﾆｸﾛ,56,58,103,8,ユニクロ,
RWMI,RWMI00008,磨丸座（ＩＳＯ）,8,8.5,17,1.6,生地,
RWMI,RWMI00108,磨丸座（ＩＳＯ）ﾄﾞﾌﾞ,8,8.5,17,1.6,ドブ,
RWMI,RWMI00208,磨丸座（ＩＳＯ）ﾕﾆｸﾛ,8,8.5,17,1.6,ユニクロ,
RWMI,RWMI00308,磨丸座（ＩＳＯ）ｸﾛﾒｰﾄ,8,8.5,17,1.6,クロメート,
RWMI,RWMI10308,磨丸座（ＩＳＯ）三価ｸﾛﾒｰﾄ,8,8.5,17,1.6,三価クロメート,
RWMI,RWMI000010,磨丸座（ＩＳＯ）,10,10.5,21,2,生地,
RWMI,RWMI001010,磨丸座（ＩＳＯ）ﾄﾞﾌﾞ,10,10.5,21,2,ドブ,
RWMI,RWMI002010,磨丸座（ＩＳＯ）ﾕﾆｸﾛ,10,10.5,21,2,ユニクロ,
RWMI,RWMI003010,磨丸座（ＩＳＯ）ｸﾛﾒｰﾄ,10,10.5,21,2,クロメート,
RWMI,RWMI103010,磨丸座（ＩＳＯ）三価ｸﾛﾒｰﾄ,10,10.5,21,2,三価クロメート,
9RWMI,9RWMI002010,磨丸座（ＩＳＯ）ﾕﾆｸﾛ,10,10.5,21,2,ユニクロ,
9RWMI,9RWMI001010,磨丸座（ＩＳＯ）ﾄﾞﾌﾞ,10,10.5,21,2,ドブ,
RWMI,RWMI000012,磨丸座（ＩＳＯ）,12,13,24,2.5,生地,
RWMI,RWMI001012,磨丸座（ＩＳＯ）ﾄﾞﾌﾞ,12,13,24,2.5,ドブ,
RWMI,RWMI002012,磨丸座（ＩＳＯ）ﾕﾆｸﾛ,12,13,24,2.5,ユニクロ,
RWMI,RWMI003012,磨丸座（ＩＳＯ）ｸﾛﾒｰﾄ,12,13,24,2.5,クロメート,
RWMI,RWMI103012,磨丸座（ＩＳＯ）三価ｸﾛﾒｰﾄ,12,13,24,2.5,三価クロメート,
9RWMI,9RWMI002012,磨丸座（ＩＳＯ）ﾕﾆｸﾛ,12,13,24,2.5,ユニクロ,
9RWMI,9RWMI001012,磨丸座（ＩＳＯ）ﾄﾞﾌﾞ,12,13,24,2.5,ドブ,
RWMI,RWMI000016,磨丸座（ＩＳＯ）,16,17,30,3,生地,
RWMI,RWMI001016,磨丸座（ＩＳＯ）ﾄﾞﾌﾞ,16,17,30,3,ドブ,
RWMI,RWMI002016,磨丸座（ＩＳＯ）ﾕﾆｸﾛ,16,17,30,3,ユニクロ,
RWMI,RWMI003016,磨丸座（ＩＳＯ）ｸﾛﾒｰﾄ,16,17,30,3,クロメート,
RWMI,RWMI103016,磨丸座（ＩＳＯ）三価ｸﾛﾒｰﾄ,16,17,30,3,三価クロメート,
9RWMI,9RWMI002016,磨丸座（ＩＳＯ）ﾕﾆｸﾛ,16,17,30,3,ユニクロ,
9RWMI,9RWMI001016,磨丸座（ＩＳＯ）ﾄﾞﾌﾞ,16,17,30,3,ドブ,
RWMI,RWMI000020,磨丸座（ＩＳＯ）,20,21,37,3,生地,
RWMI,RWMI001020,磨丸座（ＩＳＯ）ﾄﾞﾌﾞ,20,21,37,3,ドブ,
RWMI,RWMI002020,磨丸座（ＩＳＯ）ﾕﾆｸﾛ,20,21,37,3,ユニクロ,
RWMI,RWMI003020,磨丸座（ＩＳＯ）ｸﾛﾒｰﾄ,20,21,37,3,クロメート,
RWMI,RWMI103020,磨丸座（ＩＳＯ）三価ｸﾛﾒｰﾄ,20,21,37,3,三価クロメート,
9RWMI,9RWMI002020,磨丸座（ＩＳＯ）ﾕﾆｸﾛ,20,21,37,3,ユニクロ,
9RWMI,9RWMI001020,磨丸座（ＩＳＯ）ﾄﾞﾌﾞ,20,21,37,3,ドブ,
RWMI,RWMI000022,磨丸座（ＩＳＯ）,22,23,39,3,生地,
RWMI,RWMI001022,磨丸座（ＩＳＯ）ﾄﾞﾌﾞ,22,23,39,3,ドブ,
RWMI,RWMI002022,磨丸座（ＩＳＯ）ﾕﾆｸﾛ,22,23,39,3,ユニクロ,
RWMI,RWMI003022,磨丸座（ＩＳＯ）ｸﾛﾒｰﾄ,22,23,39,3,クロメート,
9RWMI,9RWMI001022,磨丸座（ＩＳＯ）ﾄﾞﾌﾞ,22,23,39,3,ドブ,
RWMI,RWMI000024,磨丸座（ＩＳＯ）,24,25,44,4,生地,
RWMI,RWMI001024,磨丸座（ＩＳＯ）ﾄﾞﾌﾞ,24,25,44,4,ドブ,
RWMI,RWMI002024,磨丸座（ＩＳＯ）ﾕﾆｸﾛ,24,25,44,4,ユニクロ,
RWMI,RWMI003024,磨丸座（ＩＳＯ）ｸﾛﾒｰﾄ,24,25,44,4,クロメート,
RWMI,RWMI103024,磨丸座（ＩＳＯ）三価ｸﾛﾒｰﾄ,24,25,44,4,三価クロメート,
9RWMI,9RWMI001024,磨丸座（ＩＳＯ）ﾄﾞﾌﾞ,24,25,44,4,ドブ,
RWMI,RWMI000027,磨丸座（ＩＳＯ）,27,28,50,4,生地,
RWMI,RWMI002027,磨丸座（ＩＳＯ）ﾕﾆｸﾛ,27,28,50,4,ユニクロ,
RWMI,RWMI003027,磨丸座（ＩＳＯ）ｸﾛﾒｰﾄ,27,28,50,4,クロメート,
RWMI,RWMI000030,磨丸座（ＩＳＯ）,30,31,56,4,生地,
RWMI,RWMI001030,磨丸座（ＩＳＯ）ﾄﾞﾌﾞ,30,31,56,4,ドブ,
RWMI,RWMI002030,磨丸座（ＩＳＯ）ﾕﾆｸﾛ,30,31,56,4,ユニクロ,
RWMI,RWMI003030,磨丸座（ＩＳＯ）ｸﾛﾒｰﾄ,30,31,56,4,クロメート,
RWMI,RWMI103030,磨丸座（ＩＳＯ）三価ｸﾛﾒｰﾄ,30,31,56,4,三価クロメート,
